
-- Patient Data (60+ patients)
INSERT INTO Patient (CIN, Name, Sex, Birth, Blood_group, Phone) 
VALUES 
('E727709', 'Yahia BELEFQUIH', 'M', '2007-04-08', 'O+', '+212 624-261540'),
('KA789012', 'Youssef Benani', 'M', '1992-11-22', 'A-', '+212-700-987654'),
('LE345678', 'Leila El Amrani', 'F', '1985-05-30', 'B+', '+212-600-123456'),
('ZA901234', 'Zineb Ait Ahmed', 'F', '1990-08-15', 'AB-', '+212-650-654321'),
('MO567890', 'Mohamed Chafik', 'M', '1978-12-05', 'O-', '+212-680-789012'),
('AB123456', 'Amina Belhaj', 'F', '1982-03-15', 'A+', '+212-661-234567'),
('CD789012', 'Karim Alami', 'M', '1975-07-22', 'B-', '+212-622-345678'),
('EF345678', 'Fatima Zahra', 'F', '1995-12-10', 'O+', '+212-633-456789'),
('GH901234', 'Hassan Berrada', 'M', '1988-09-05', 'AB+', '+212-644-567890'),
('IJ567890', 'Nadia Saidi', 'F', '1972-04-18', 'A-', '+212-655-678901'),
('KL123456', 'Omar Touimi', 'M', '1998-01-30', 'B+', '+212-666-789012'),
('MN789012', 'Samira Khalfi', 'F', '1983-06-25', 'O-', '+212-677-890123'),
('OP345678', 'Rachid Bennani', 'M', '1965-11-12', 'A+', '+212-688-901234'),
('QR901234', 'Khadija Mansouri', 'F', '1979-08-08', 'AB-', '+212-699-012345'),
('ST567890', 'Mehdi El Fassi', 'M', '1991-02-14', 'B-', '+212-610-123456'),
('UV123456', 'Sanaa Lahlou', 'F', '1987-07-07', 'O+', '+212-621-234567'),
('WX789012', 'Younes Bensouda', 'M', '1974-10-20', 'A-', '+212-632-345678'),
('YZ345678', 'Asmae Chraibi', 'F', '1993-03-03', 'B+', '+212-643-456789'),
('BC901234', 'Anas Jabri', 'M', '1980-05-17', 'AB+', '+212-654-567890'),
('DE567890', 'Imane Rmili', 'F', '1996-09-28', 'O-', '+212-665-678901'),
('FG123456', 'Adil Tazi', 'M', '1971-12-05', 'A+', '+212-676-789012'),
('HI789012', 'Nouha El Khatib', 'F', '1989-04-12', 'B-', '+212-687-890123'),
('JK345678', 'Hamza Laroui', 'M', '1997-08-25', 'O+', '+212-698-901234'),
('LM901234', 'Salma Bennis', 'F', '1984-01-15', 'AB-', '+212-609-012345'),
('NO567890', 'Bilal Cherkaoui', 'M', '1976-06-08', 'A-', '+212-620-123456'),
('PQ123456', 'Souad Amrani', 'F', '1994-11-11', 'B+', '+212-631-234567'),
('RS789012', 'Tariq Sefrioui', 'M', '1981-02-22', 'O-', '+212-642-345678'),
('TU345678', 'Meryem Daoudi', 'F', '1973-07-19', 'A+', '+212-653-456789'),
('VW901234', 'Jamal Idrissi', 'M', '1999-10-30', 'AB+', '+212-664-567890'),
('XY567890', 'Hind Belarbi', 'F', '1986-03-25', 'B-', '+212-675-678901'),
('ZA123456', 'Reda Hammoudi', 'M', '1970-05-14', 'O+', '+212-686-789012'),
('BC789012', 'Naima El Ouafi', 'F', '1992-09-09', 'A-', '+212-697-890123'),
('DE345678', 'Khalid Skalli', 'M', '1983-12-18', 'B+', '+212-608-901234'),
('FG901234', 'Rania Tazi', 'F', '1978-04-07', 'AB-', '+212-619-012345'),
('HI567890', 'Yassin Bouzid', 'M', '1995-08-21', 'O-', '+212-630-123456'),
('JK123456', 'Hanane Moussa', 'F', '1980-01-29', 'A+', '+212-641-234567'),
('LM789012', 'Anwar Kettani', 'M', '1975-06-13', 'B-', '+212-652-345678'),
('NO345678', 'Siham El Fenni', 'F', '1991-11-26', 'O+', '+212-663-456789'),
('PQ901234', 'Mehdi Benjelloun', 'M', '1987-02-09', 'AB+', '+212-674-567890'),
('RS567890', 'Nadia El Moutawakil', 'F', '1972-07-04', 'A-', '+212-685-678901'),
('TU123456', 'Omar Saber', 'M', '1998-10-15', 'B+', '+212-696-789012'),
('VW789012', 'Leila Mrani', 'F', '1984-03-28', 'O-', '+212-607-890123'),
('XY345678', 'Hicham Belghiti', 'M', '1979-05-11', 'A+', '+212-618-901234'),
('ZA789012', 'Fatima Ezzahra', 'F', '1993-08-24', 'AB-', '+212-629-012345'),
('CD123456', 'Rachid Moudden', 'M', '1976-12-17', 'B-', '+212-640-123456'),
('EF789012', 'Nora Skiredj', 'F', '1990-04-02', 'O+', '+212-651-234567'),
('GH345678', 'Youssef Lazrak', 'M', '1985-09-23', 'A-', '+212-662-345678'),
('IJ901234', 'Salima Benchekroun', 'F', '1974-01-06', 'B+', '+212-673-456789'),
('KL567890', 'Amine Tounsi', 'M', '1996-06-19', 'AB+', '+212-684-567890'),
('MN123456', 'Kawtar El Filali', 'F', '1981-11-12', 'O-', '+212-695-678901'),
('OP789012', 'Hassan Mrabet', 'M', '1977-02-25', 'A+', '+212-606-789012'),
('QR345678', 'Zahra El Haddad', 'F', '1994-07-08', 'B-', '+212-617-890123'),
('ST901234', 'Mohamed Amine', 'M', '1988-10-31', 'AB-', '+212-628-901234'),
('UV567890', 'Asmae Boudraa', 'F', '1973-03-14', 'O+', '+212-639-012345'),
('WX123456', 'Adnan Chaoui', 'M', '1997-05-27', 'A-', '+212-650-123456'),
('YZ789012', 'Nadia Rhioui', 'F', '1982-08-10', 'B+', '+212-661-234567'),
('AB345678', 'Mehdi El Ghalbi', 'M', '1979-12-23', 'AB+', '+212-672-345678'),
('CD901234', 'Sanaa Moustaid', 'F', '1995-04-16', 'O-', '+212-683-456789'),
('EF567890', 'Yassine Belbachir', 'M', '1986-09-29', 'A+', '+212-694-567890'),
('GH123456', 'Nabila El Ansari', 'F', '1971-01-11', 'B-', '+212-605-678901');

-- Contact Location Data
INSERT INTO Contact_Location (City, Province, Street, Number, Postal_code, Phone)
VALUES
('Marrakech', 'Marrakech-Safi', 'Avenue Mohammed VI', '123', '40000', '+212-524-123456'),
('Casablanca', 'Casablanca-Settat', 'Haj Fateh', '45', '20000', '+212-522-654321'),
('Rabat', 'Rabat-Salé-Kénitra', 'Rue des Fleurs', '78', '10000', '+212-537-789012'),
('Fes', 'Fès-Meknès', 'Boulevard Hassan II', '9', '30000', '+212-535-890123'),
('Tangier', 'Tanger-Tetouan-Al Hoceima', 'Avenue de la Liberté', '56', '90000', '+212-539-901234'),
('Agadir', 'Souss-Massa', 'Boulevard Mohamed V', '112', '80000', '+212-528-234567'),
('Meknes', 'Fès-Meknès', 'Avenue Hassan II', '67', '50000', '+212-535-345678'),
('Oujda', 'Oriental', 'Rue du Stade', '89', '60000', '+212-536-456789'),
('Tetouan', 'Tanger-Tetouan-Al Hoceima', 'Avenue Moulay Abbas', '34', '93000', '+212-539-567890'),
('Safi', 'Marrakech-Safi', 'Rue Mohammed V', '156', '46000', '+212-524-678901'),
('El Jadida', 'Casablanca-Settat', 'Avenue des FAR', '78', '24000', '+212-523-789012'),
('Nador', 'Oriental', 'Boulevard Mohamed VI', '23', '62000', '+212-536-890123'),
('Khouribga', 'Béni Mellal-Khénifra', 'Rue Al Massira', '145', '25000', '+212-523-901234'),
('Beni Mellal', 'Béni Mellal-Khénifra', 'Avenue Moulay Ismail', '56', '23000', '+212-523-012345'),
('Taza', 'Fès-Meknès', 'Rue Bir Anzarane', '89', '35000', '+212-535-123456'),
('Settat', 'Casablanca-Settat', 'Boulevard Moulay Youssef', '167', '26000', '+212-523-234567'),
('Kenitra', 'Rabat-Salé-Kénitra', 'Avenue Mohamed Diouri', '45', '14000', '+212-537-345678'),
('Temara', 'Rabat-Salé-Kénitra', 'Rue de la Mosquée', '112', '12000', '+212-537-456789'),
('Mohammedia', 'Casablanca-Settat', 'Boulevard Hassan II', '78', '28800', '+212-523-567890'),
('Berkane', 'Oriental', 'Avenue des Orangers', '34', '63000', '+212-536-678901');

-- Have relationships (Patient-Contact Location)
INSERT INTO Have (CLID, IID)
VALUES
(1, 1), (2, 2), (3, 3), (4, 4), (5, 5), (6, 6), (7, 7), (8, 8), (9, 9), (10, 10),
(11, 11), (12, 12), (13, 13), (14, 14), (15, 15), (16, 16), (17, 17), (18, 18), (19, 19), (20, 20),
(1, 21), (2, 22), (3, 23), (4, 24), (5, 25), (6, 26), (7, 27), (8, 28), (9, 29), (10, 30),
(11, 31), (12, 32), (13, 33), (14, 34), (15, 35), (16, 36), (17, 37), (18, 38), (19, 39), (20, 40),
(1, 41), (2, 42), (3, 43), (4, 44), (5, 45), (6, 46), (7, 47), (8, 48), (9, 49), (10, 50),
(11, 51), (12, 52), (13, 53), (14, 54), (15, 55), (16, 56), (17, 57), (18, 58), (19, 59), (20, 60);



-- Insurance Data
INSERT INTO Insurance (Ins_type)
VALUES
('CNOPS'), ('CNSS'), ('RAMED'), ('Amo'), ('private'),
('CNOPS'), ('CNSS'), ('RAMED'), ('Amo'), ('private'),
('CNOPS'), ('CNSS'), ('RAMED'), ('Amo'), ('private'),
('CNOPS'), ('CNSS'), ('RAMED'), ('Amo'), ('private'),
('CNOPS'), ('CNSS'), ('RAMED'), ('Amo'), ('private');



-- Expense Data (100+ expenses linked to insurance)
INSERT INTO Expense (Total, InsID)
VALUES
-- Expenses for insurance 1-25
(1000.00, 1), (2000.00, 2), (1500.00, 3), (2500.00, 4), (3000.00, 5),
(1200.00, 6), (2200.00, 7), (1800.00, 8), (2700.00, 9), (3200.00, 10),
(1400.00, 11), (2400.00, 12), (1900.00, 13), (2900.00, 14), (3400.00, 15),
(1600.00, 16), (2600.00, 17), (2100.00, 18), (3100.00, 19), (3600.00, 20),
(1800.00, 21), (2800.00, 22), (2300.00, 23), (3300.00, 24), (3800.00, 25),
(2000.00, 1), (3000.00, 2), (2500.00, 3), (3500.00, 4), (4000.00, 5),
(2200.00, 6), (3200.00, 7), (2700.00, 8), (3700.00, 9), (4200.00, 10),
(2400.00, 11), (3400.00, 12), (2900.00, 13), (3900.00, 14), (4400.00, 15),
(2600.00, 16), (3600.00, 17), (3100.00, 18), (4100.00, 19), (4600.00, 20),
(2800.00, 21), (3800.00, 22), (3300.00, 23), (4300.00, 24), (4800.00, 25),
(3000.00, 1), (4000.00, 2), (3500.00, 3), (4500.00, 4), (5000.00, 5),
(3200.00, 6), (4200.00, 7), (3700.00, 8), (4700.00, 9), (5200.00, 10),
(3400.00, 11), (4400.00, 12), (3900.00, 13), (4900.00, 14), (5400.00, 15),
(3600.00, 16), (4600.00, 17), (4100.00, 18), (5100.00, 19), (5600.00, 20),
(3800.00, 21), (4800.00, 22), (4300.00, 23), (5300.00, 24), (5800.00, 25),
(4000.00, 1), (5000.00, 2), (4500.00, 3), (5500.00, 4), (6000.00, 5),
(4200.00, 6), (5200.00, 7), (4700.00, 8), (5700.00, 9), (6200.00, 10),
(4400.00, 11), (5400.00, 12), (4900.00, 13), (5900.00, 14), (6400.00, 15),
(4600.00, 16), (5600.00, 17), (5100.00, 18), (6100.00, 19), (6600.00, 20),
(4800.00, 21), (5800.00, 22), (5300.00, 23), (6300.00, 24), (6800.00, 25);




-- Covers relationships (Insurance-Patient)
INSERT INTO Covers (InsID, IID)
VALUES
(1, 1), (2, 2), (3, 3), (4, 4), (5, 5), (6, 6), (7, 7), (8, 8), (9, 9), (10, 10),
(11, 11), (12, 12), (13, 13), (14, 14), (15, 15), (16, 16), (17, 17), (18, 18), (19, 19), (20, 20),
(21, 21), (22, 22), (23, 23), (24, 24), (25, 25), (1, 26), (2, 27), (3, 28), (4, 29), (5, 30),
(6, 31), (7, 32), (8, 33), (9, 34), (10, 35), (11, 36), (12, 37), (13, 38), (14, 39), (15, 40),
(16, 41), (17, 42), (18, 43), (19, 44), (20, 45), (21, 46), (22, 47), (23, 48), (24, 49), (25, 50),
(1, 51), (2, 52), (3, 53), (4, 54), (5, 55), (6, 56), (7, 57), (8, 58), (9, 59), (10, 60);

-- Staff Data (70+ staff members)
INSERT INTO Staff (Name, Status)
VALUES
('Dr. Amina El Fassi', 'Active'),
('Nurse Samir Haddad', 'Active'),
('Technician Leila Benjelloun', 'Inactive'),
('Dr. Youssef Rachid', 'Active'),
('Nurse Fatima Zahra', 'Active'),
('Nurse Hassan Mounir', 'Active'),
('Technician Nadia Sabri', 'Active'),
('Dr. Leila Moussa', 'Active'),
('Nurse Omar Tazi', 'Active'),
('Dr. Fatima Ezzahra', 'Active'),
('Nurse Younes Benani', 'Active'),
('Technician Samira Kettani', 'Inactive'),
('Dr. Rachid Alami', 'Active'),
('Nurse Khadija Mansouri', 'Active'),
('Dr. Mehdi Cherkaoui', 'Active'),
('Nurse Asmae Chraibi', 'Active'),
('Technician Anas Jabri', 'Active'),
('Dr. Imane Rmili', 'Active'),
('Nurse Adil Tazi', 'Active'),
('Dr. Nouha El Khatib', 'Active'),
('Nurse Hamza Laroui', 'Active'),
('Technician Salma Bennis', 'Active'),
('Dr. Bilal Cherkaoui', 'Active'),
('Nurse Souad Amrani', 'Active'),
('Dr. Tariq Sefrioui', 'Active'),
('Nurse Meryem Daoudi', 'Active'),
('Technician Jamal Idrissi', 'Active'),
('Dr. Hind Belarbi', 'Active'),
('Nurse Reda Hammoudi', 'Active'),
('Dr. Naima El Ouafi', 'Active'),
('Nurse Khalid Skalli', 'Active'),
('Technician Rania Tazi', 'Active'),
('Dr. Yassin Bouzid', 'Active'),
('Nurse Hanane Moussa', 'Active'),
('Dr. Anwar Kettani', 'Active'),
('Nurse Siham El Fenni', 'Active'),
('Technician Mehdi Benjelloun', 'Active'),
('Dr. Nadia El Moutawakil', 'Active'),
('Nurse Omar Saber', 'Active'),
('Dr. Leila Mrani', 'Active'),
('Nurse Hicham Belghiti', 'Active'),
('Technician Fatima Ezzahra', 'Active'),
('Dr. Rachid Moudden', 'Active'),
('Nurse Nora Skiredj', 'Active'),
('Dr. Youssef Lazrak', 'Active'),
('Nurse Salima Benchekroun', 'Active'),
('Technician Amine Tounsi', 'Active'),
('Dr. Kawtar El Filali', 'Active'),
('Nurse Hassan Mrabet', 'Active'),
('Dr. Zahra El Haddad', 'Active'),
('Nurse Mohamed Amine', 'Active'),
('Technician Asmae Boudraa', 'Active'),
('Dr. Adnan Chaoui', 'Active'),
('Nurse Nadia Rhioui', 'Active'),
('Dr. Mehdi El Ghalbi', 'Active'),
('Nurse Sanaa Moustaid', 'Active'),
('Technician Yassine Belbachir', 'Active'),
('Dr. Nabila El Ansari', 'Active'),
('Nurse Ahmed Bennis', 'Active'),
('Dr. Sofia Moussa', 'Active'),
('Nurse Karim Alaoui', 'Active'),
('Technician Fatima Zahra', 'Active'),
('Dr. Hassan Berrada', 'Active'),
('Nurse Samira Khalfi', 'Active'),
('Dr. Omar Touimi', 'Active'),
('Nurse Rachid Bennani', 'Active'),
('Technician Khadija Mansouri', 'Active');



-- Hospital Data
INSERT INTO Hospital (Name, City, Region)
VALUES
('UM6P Hospital', 'BenGuerir', 'Marrakech-Safi'),
('Sheikh Khalifa Hospital', 'Casablanca', 'Casablanca-Settat'),
('Ibn Sina Hospital', 'Rabat', 'Rabat-Salé-Kénitra'),
('Al Farabi Hospital', 'Fes', 'Fès-Meknès'),
('Tangier Medical Center', 'Tangier', 'Tanger-Tetouan-Al Hoceima'),
('Rabat Oncology Center', 'Rabat', 'Rabat-Salé-Kénitra'),
('CHU Ibn Rochd', 'Casablanca', 'Casablanca-Settat'),
('CHU Mohammed VI', 'Marrakech', 'Marrakech-Safi'),
('Hôpital Moulay Youssef', 'Rabat', 'Rabat-Salé-Kénitra'),
('Hôpital Al Ghassani', 'Fes', 'Fès-Meknès'),
('Centre Hospitalier Tanger', 'Tangier', 'Tanger-Tetouan-Al Hoceima'),
('Hôpital Hassan II', 'Agadir', 'Souss-Massa'),
('CHU Mohammed V', 'Oujda', 'Oriental');

-- Department Data
INSERT INTO Department (Name, Specialty, HID)
VALUES
('Cardiology', 'Heart Diseases', 1),
('Neurology', 'Brain and Nervous System', 1),
('Orthopedics', 'Bone and Muscle Disorders', 2),
('Pediatrics', 'Child Health', 3),
('Radiology', 'Medical Imaging', 4),
('Emergency', 'Emergency Care', 5),
('Oncology', 'Cancer Treatment', 4),
('Gynecology', 'Women''s Health', 3),
('Dermatology', 'Skin Conditions', 2),
('Psychiatry', 'Mental Health', 5),
('Cardiology', 'Heart Diseases', 6),
('Neurology', 'Brain and Nervous System', 7),
('Orthopedics', 'Bone and Muscle Disorders', 8),
('Pediatrics', 'Child Health', 9),
('Radiology', 'Medical Imaging', 10),
('Emergency', 'Emergency Care', 11),
('Oncology', 'Cancer Treatment', 12),
('Gynecology', 'Women''s Health', 13),
('Dermatology', 'Skin Conditions', 6),
('Psychiatry', 'Mental Health', 7),
('ICU', 'Intensive Care Unit', 1),
('Surgery', 'Surgical Procedures', 2),
('ICU', 'Intensive Care Unit', 3),
('Surgery', 'Surgical Procedures', 4),
('ICU', 'Intensive Care Unit', 5);


-- Clinical Activity Data (100+ activities with various dates, linked to Expenses)
INSERT INTO Clinical_Activity (occurred_at, IID, ExID, DEP_ID, STAFF_ID)
VALUES
-- Past activities (2024) - Using ExID 1-30
('2024-01-15 10:00:00', 1, 1, 1, 1), ('2024-01-20 14:30:00', 2, 2, 2, 4), ('2024-02-05 09:15:00', 3, 3, 3, 9),
('2024-02-12 11:45:00', 4, 4, 4, 17), ('2024-03-08 16:20:00', 5, 5, 5, 25), ('2024-03-15 13:10:00', 6, 6, 6, 33),
('2024-04-02 15:55:00', 7, 7, 7, 28), ('2024-04-18 12:25:00', 8, 8, 8, 20), ('2024-05-10 08:45:00', 9, 9, 9, 12),
('2024-05-25 17:30:00', 10, 10, 10, 36), ('2024-06-07 10:20:00', 11, 11, 11, 41), ('2024-06-20 14:15:00', 12, 12, 12, 45),
('2024-07-03 09:40:00', 13, 13, 13, 49), ('2024-07-19 11:25:00', 14, 14, 14, 51), ('2024-08-11 16:50:00', 15, 15, 15, 53),
('2024-08-28 13:35:00', 16, 16, 16, 55), ('2024-09-14 15:10:00', 17, 17, 17, 57), ('2024-09-30 12:05:00', 18, 18, 18, 59),
('2024-10-12 08:30:00', 19, 19, 19, 43), ('2024-10-29 17:45:00', 20, 20, 20, 47), ('2024-11-05 10:55:00', 21, 21, 21, 6),
('2024-11-22 14:40:00', 22, 22, 22, 14), ('2024-12-03 09:20:00', 23, 23, 23, 22), ('2024-12-18 11:15:00', 24, 24, 24, 30),

-- Recent past activities (2025) - Using ExID 25-50
('2025-01-08 16:25:00', 25, 25, 25, 38), ('2025-01-25 13:50:00', 26, 26, 1, 1), ('2025-02-14 15:35:00', 27, 27, 2, 4),
('2025-03-02 12:20:00', 28, 28, 3, 9), ('2025-03-19 08:55:00', 29, 29, 4, 17), ('2025-04-07 17:10:00', 30, 30, 5, 25),
('2025-04-23 10:45:00', 31, 31, 6, 33), ('2025-05-11 14:30:00', 32, 32, 7, 28), ('2025-05-29 09:05:00', 33, 33, 8, 20),
('2025-06-15 11:40:00', 34, 34, 9, 12), ('2025-07-01 16:15:00', 35, 35, 10, 36), ('2025-07-20 13:00:00', 36, 36, 11, 41),
('2025-08-05 15:45:00', 37, 37, 12, 45), ('2025-08-24 12:30:00', 38, 38, 13, 49), ('2025-09-10 08:15:00', 39, 39, 14, 51),
('2025-09-28 17:50:00', 40, 40, 15, 53), ('2025-10-10 10:00:00', 1, 41, 1, 1), ('2025-10-09 14:30:00', 2, 42, 2, 2),
('2025-10-11 09:15:00', 3, 43, 3, 3), ('2025-10-12 11:45:00', 4, 44, 4, 4), ('2025-10-13 16:20:00', 5, 45, 5, 5),
('2025-10-14 13:10:00', 6, 46, 1, 1), ('2025-10-15 15:55:00', 7, 47, 2, 2), ('2025-10-17 12:25:00', 8, 48, 4, 4),

-- Future activities (2025-2026) - Using ExID 51-100
('2025-11-05 09:30:00', 9, 49, 6, 33), ('2025-11-18 14:20:00', 10, 50, 7, 28), ('2025-12-02 11:10:00', 11, 51, 8, 20),
('2025-12-20 16:40:00', 12, 52, 9, 12), ('2026-01-08 13:25:00', 13, 53, 10, 36), ('2026-01-25 15:15:00', 14, 54, 11, 41),
('2026-02-12 10:50:00', 15, 55, 12, 45), ('2026-03-01 12:35:00', 16, 56, 13, 49), ('2026-03-19 17:20:00', 17, 57, 14, 51),
('2026-04-05 09:05:00', 18, 58, 15, 53), ('2026-04-22 14:55:00', 19, 59, 16, 55), ('2026-05-10 11:30:00', 20, 60, 17, 57),
('2026-05-28 16:10:00', 21, 61, 18, 59), ('2026-06-15 13:45:00', 22, 62, 19, 43), ('2026-07-02 15:25:00', 23, 63, 20, 47),
('2026-07-20 10:40:00', 24, 64, 21, 6), ('2026-08-07 12:15:00', 25, 65, 22, 14), ('2026-08-25 17:35:00', 26, 66, 23, 22),
('2026-09-12 14:05:00', 27, 67, 24, 30), ('2026-09-30 16:50:00', 28, 68, 25, 38), ('2026-10-18 11:20:00', 29, 69, 1, 1),
('2026-11-05 13:55:00', 30, 70, 2, 4), ('2026-11-23 09:40:00', 31, 71, 3, 9), ('2026-12-15 15:30:00', 32, 72, 4, 17),
('2027-01-05 12:10:00', 33, 73, 5, 25), ('2027-01-25 17:45:00', 34, 74, 6, 33), ('2027-02-14 10:25:00', 35, 75, 7, 28),
('2027-03-07 14:15:00', 36, 76, 8, 20), ('2027-03-26 11:50:00', 37, 77, 9, 12), ('2027-04-14 16:20:00', 38, 78, 10, 36),
('2027-05-03 13:35:00', 39, 79, 11, 41), ('2027-05-22 15:05:00', 40, 80, 12, 45), ('2027-06-10 09:50:00', 41, 81, 13, 49),
('2027-06-29 17:15:00', 42, 82, 14, 51), ('2027-07-18 12:40:00', 43, 83, 15, 53), ('2027-08-05 14:20:00', 44, 84, 16, 55),
('2027-08-24 10:55:00', 45, 85, 17, 57), ('2027-09-12 16:30:00', 46, 86, 18, 59), ('2027-09-30 13:05:00', 47, 87, 19, 43),
('2027-10-18 15:40:00', 48, 88, 20, 47), ('2027-11-05 11:15:00', 49, 89, 21, 6), ('2027-11-23 17:50:00', 50, 90, 22, 14);

-- Appointment Data
INSERT INTO Appointment (CAID, Status, Reason)
VALUES
(1, 'Scheduled', 'Routine Checkup'), (2, 'Cancelled', 'Patient Request'), (3, 'Completed', 'Follow-up Visit'),
(4, 'Completed', 'Annual Physical'), (5, 'Scheduled', 'Vaccination'),
(7, 'Completed', 'Post-operative Check'), (8, 'Scheduled', 'Prenatal Visit'), (9, 'Cancelled', 'Rescheduled'),
(10, 'Completed', 'Dermatology Consultation'), (11, 'Scheduled', 'Cardiac Evaluation'), (12, 'Completed', 'Neurology Follow-up'),
(13, 'Scheduled', 'Orthopedic Consultation'), (14, 'Completed', 'Pediatric Checkup'), (15, 'Cancelled', 'Insurance Issues'),
(16, 'Scheduled', 'Radiology Scan'), (17, 'Completed', 'Emergency Follow-up'), (18, 'Scheduled', 'Oncology Treatment'),
(19, 'Completed', 'Gynecology Exam'), (20, 'Scheduled', 'Dermatology Treatment'), (21, 'Completed', 'Psychiatry Session'),
(22, 'Scheduled', 'Cardiac Stress Test'), (23, 'Completed', 'Neurology Tests'), (24, 'Scheduled', 'Physical Therapy'),
(25, 'Completed', 'Vaccination'), (26, 'Scheduled', 'Routine Checkup'), (27, 'Completed', 'Follow-up Visit'),
(28, 'Scheduled', 'Consultation'), (29, 'Completed', 'Annual Physical'), (30, 'Scheduled', 'Specialist Referral'),
(31, 'Completed', 'Post-operative Check'), (32, 'Scheduled', 'Prenatal Visit'), (33, 'Completed', 'Dermatology Consultation'),
(34, 'Scheduled', 'Cardiac Evaluation'), (35, 'Completed', 'Neurology Follow-up'), (36, 'Scheduled', 'Orthopedic Consultation'),
(37, 'Completed', 'Pediatric Checkup'), (38, 'Scheduled', 'Radiology Scan'), (39, 'Completed', 'Emergency Follow-up'),
(40, 'Scheduled', 'Oncology Treatment'), (41, 'Completed', 'Gynecology Exam'), (42, 'Scheduled', 'Dermatology Treatment'),
(43, 'Completed', 'Psychiatry Session'), (44, 'Scheduled', 'Cardiac Stress Test'), (45, 'Completed', 'Neurology Tests'),
(46, 'Scheduled', 'Physical Therapy'), (47, 'Completed', 'Vaccination'), (48, 'Scheduled', 'Routine Checkup'),
(49, 'Completed', 'Follow-up Visit'), (50, 'Scheduled', 'Consultation');

-- Emergency Data
INSERT INTO Emergency (CAID, Triage_Level, Outcome)
VALUES
(4, 'High', 'Admitted to ICU'), (5, 'Medium', 'Discharged with Medication'), (6, 'Low', 'Referred to Specialist'),
(7, 'High', 'Emergency Surgery'), (8, 'Medium', 'Observation for 24 hours'), (9, 'Low', 'Discharged with Instructions'),
(10, 'High', 'Transferred to Higher Facility'), (11, 'Medium', 'Treated and Released'), (12, 'Low', 'Follow-up Appointment Scheduled'),
(13, 'High', 'Admitted to Ward'), (14, 'Medium', 'Prescription Given'), (15, 'Low', 'Referred to Primary Care'),
(16, 'High', 'ICU Admission'), (17, 'Medium', 'Short Stay Observation'), (18, 'Low', 'Discharged'),
(19, 'High', 'Emergency Procedure'), (20, 'Medium', 'Treated in ER'), (21, 'Low', 'Home Care Instructions'),
(22, 'High', 'Critical Care'), (23, 'Medium', 'Stabilized and Admitted'), (24, 'Low', 'Outpatient Follow-up'),
(25, 'High', 'Surgical Intervention'), (26, 'Medium', 'Medication Administered'), (27, 'Low', 'Discharged with Advice'),
(28, 'High', 'Life Support'), (29, 'Medium', 'Monitoring Required'), (30, 'Low', 'Routine Follow-up');


-- Prescription Data
INSERT INTO Prescription (Date_Issued, CAID)
VALUES
('2024-01-15', 1), ('2024-01-20', 2), ('2024-02-05', 3), ('2024-02-12', 4), ('2024-03-08', 5),
('2024-03-15', 6), ('2024-04-02', 7), ('2024-04-18', 8), ('2024-05-10', 9), ('2024-05-25', 10),
('2024-06-07', 11), ('2024-06-20', 12), ('2024-07-03', 13), ('2024-07-19', 14), ('2024-08-11', 15),
('2024-08-28', 16), ('2024-09-14', 17), ('2024-09-30', 18), ('2024-10-12', 19), ('2024-10-29', 20),
('2024-11-05', 21), ('2024-11-22', 22), ('2024-12-03', 23), ('2024-12-18', 24), ('2025-01-08', 25),
('2025-01-25', 26), ('2025-02-14', 27), ('2025-03-02', 28), ('2025-03-19', 29), ('2025-04-07', 30),
('2025-04-23', 31), ('2025-05-11', 32), ('2025-05-29', 33), ('2025-06-15', 34), ('2025-07-01', 35),
('2025-07-20', 36), ('2025-08-05', 37), ('2025-08-24', 38), ('2025-09-10', 39), ('2025-09-28', 40),
('2025-10-10', 41), ('2025-10-09', 42), ('2025-10-11', 43), ('2025-10-12', 44), ('2025-10-13', 45),
('2025-10-14', 46), ('2025-10-15', 47), ('2025-10-17', 49), ('2025-11-05', 50), ('2025-11-18', 51);




-- Medication Data (expanded)
INSERT INTO Medication (Class, Name, Form, Strength, Active_Ingredient, Manufacturer)
VALUES
('Antibiotic', 'Amoxicillin', 'Capsule', '500mg', 'Amoxicillin Trihydrate', 'PharmaCorp'),
('Analgesic', 'Ibuprofen', 'Tablet', '200mg', 'Ibuprofen', 'MediHealth'),
('Antidepressant', 'Sertraline', 'Tablet', '50mg', 'Sertraline Hydrochloride', 'Wellness Labs'),
('Antihypertensive', 'Lisinopril', 'Tablet', '10mg', 'Lisinopril Dihydrate', 'CardioMed'),
('Antidiabetic', 'Metformin', 'Tablet', '500mg', 'Metformin Hydrochloride', 'GlucoPharm'),
('Antiviral', 'Acyclovir', 'Cream', '5%', 'Acyclovir', 'ViroTech'),
('Antifungal', 'Fluconazole', 'Tablet', '150mg', 'Fluconazole', 'FungiCure'),
('Sedative', 'Diazepam', 'Tablet', '5mg', 'Diazepam', 'CalmWell'),
('Vaccine', 'Influenza Vaccine', 'Injection', '0.5ml', 'Inactivated Influenza Virus', 'ImmunoPlus'),
('Supplement', 'Vitamin D3', 'Capsule', '1000 IU', 'Cholecalciferol', 'NutriHealth'),
('Antihistamine', 'Loratadine', 'Tablet', '10mg', 'Loratadine', 'AllerFree'),
('Probiotic', 'Lactobacillus Acidophilus', 'Capsule', '1 Billion CFU', 'Lactobacillus Acidophilus', 'BioGut'),
('Antipsychotic', 'Risperidone', 'Tablet', '2mg', 'Risperidone', 'MindCare'),
('Diuretic', 'Furosemide', 'Tablet', '40mg', 'Furosemide', 'AquaPharm'),
('Anticoagulant', 'Warfarin', 'Tablet', '5mg', 'Warfarin Sodium', 'BloodSafe'),
('Bronchodilator', 'Albuterol', 'Inhaler', '90mcg', 'Albuterol Sulfate', 'RespiraMed'),
('Antibiotic', 'Azithromycin', 'Tablet', '250mg', 'Azithromycin Dihydrate', 'ZithroPharm'),
('Analgesic', 'Paracetamol', 'Tablet', '500mg', 'Paracetamol', 'PainRelief Inc'),
('Antidepressant', 'Escitalopram', 'Tablet', '10mg', 'Escitalopram Oxalate', 'NeuroHealth'),
('Antihypertensive', 'Amlodipine', 'Tablet', '5mg', 'Amlodipine Besylate', 'BP Control Labs'),
('Antidiabetic', 'Glibenclamide', 'Tablet', '5mg', 'Glibenclamide', 'DiabetoCare'),
('Antiviral', 'Oseltamivir', 'Capsule', '75mg', 'Oseltamivir Phosphate', 'FluStop Pharma'),
('Antifungal', 'Clotrimazole', 'Cream', '1%', 'Clotrimazole', 'SkinCare Labs'),
('Sedative', 'Alprazolam', 'Tablet', '0.25mg', 'Alprazolam', 'AnxioFree'),
('Vaccine', 'COVID-19 Vaccine', 'Injection', '0.3ml', 'mRNA Vaccine', 'BioNTech-Pfizer'),
('Supplement', 'Iron Supplement', 'Tablet', '65mg', 'Ferrous Sulfate', 'IronMax'),
('Antihistamine', 'Cetirizine', 'Tablet', '10mg', 'Cetirizine Hydrochloride', 'AllergyFree'),
('Probiotic', 'Bifidobacterium', 'Capsule', '2 Billion CFU', 'Bifidobacterium Bifidum', 'GutHealth'),
('Antipsychotic', 'Quetiapine', 'Tablet', '25mg', 'Quetiapine Fumarate', 'MentalWell'),
('Diuretic', 'Hydrochlorothiazide', 'Tablet', '25mg', 'Hydrochlorothiazide', 'AquaBalance'),
('Anticoagulant', 'Rivaroxaban', 'Tablet', '10mg', 'Rivaroxaban', 'ClotSafe'),
('Bronchodilator', 'Salmeterol', 'Inhaler', '50mcg', 'Salmeterol Xinafoate', 'BreathEasy'),
('Antibiotic', 'Ciprofloxacin', 'Tablet', '500mg', 'Ciprofloxacin Hydrochloride', 'InfectoCare'),
('Analgesic', 'Tramadol', 'Capsule', '50mg', 'Tramadol Hydrochloride', 'PainManagement Inc'),
('Antidepressant', 'Venlafaxine', 'Tablet', '75mg', 'Venlafaxine Hydrochloride', 'MoodBalance');

-- Stock Data (expanded with various dates)
INSERT INTO Stock (HID, DrugID, Unit_Price, Stock_Timestamp, Quantity, Reorder_Level)
VALUES
-- Hospital 1 stocks
(1, 1, 0.50, '2024-01-15 09:00:00', 100, 20), (1, 2, 0.30, '2024-01-15 09:00:00', 200, 30),
(1, 3, 1.20, '2024-02-10 10:30:00', 150, 25), (1, 4, 0.80, '2024-02-10 10:30:00', 120, 15),
(1, 5, 0.60, '2024-03-05 11:45:00', 180, 40), (1, 6, 2.00, '2024-03-05 11:45:00', 90, 10),
(1, 7, 1.50, '2024-04-12 14:20:00', 130, 20), (1, 8, 0.70, '2024-04-12 14:20:00', 160, 30),
(1, 9, 15.00, '2024-05-20 15:55:00', 80, 5), (1, 10, 0.40, '2024-05-20 15:55:00', 220, 50),

-- Hospital 2 stocks
(2, 11, 0.25, '2024-01-20 09:10:00', 140, 20), (2, 12, 0.90, '2024-01-20 10:25:00', 110, 15),
(2, 13, 1.80, '2024-02-15 11:35:00', 95, 10), (2, 14, 0.55, '2024-02-15 12:45:00', 175, 25),
(2, 15, 2.50, '2024-03-22 13:50:00', 200, 40), (2, 16, 3.00, '2024-03-22 14:55:00', 210, 50),
(2, 17, 1.20, '2024-04-18 15:30:00', 180, 30), (2, 18, 0.80, '2024-04-18 16:30:00', 160, 20),

-- Hospital 3 stocks
(3, 19, 2.00, '2024-01-25 08:45:00', 120, 15), (3, 20, 1.50, '2024-01-25 09:55:00', 140, 25),
(3, 21, 0.90, '2024-02-20 10:40:00', 200, 35), (3, 22, 3.50, '2024-02-20 11:50:00', 80, 10),
(3, 23, 1.80, '2024-03-25 12:35:00', 150, 20), (3, 24, 0.60, '2024-03-25 13:45:00', 180, 30),
(3, 25, 12.00, '2024-04-30 14:20:00', 60, 5), (3, 26, 0.35, '2024-04-30 15:30:00', 250, 50),

-- Hospital 4 stocks
(4, 27, 0.45, '2024-01-30 09:15:00', 170, 25), (4, 28, 1.10, '2024-01-30 10:25:00', 130, 20),
(4, 29, 2.20, '2024-02-25 11:10:00', 110, 15), (4, 30, 0.75, '2024-02-25 12:20:00', 190, 30),
(4, 31, 4.50, '2024-03-30 13:05:00', 70, 8), (4, 32, 2.80, '2024-03-30 14:15:00', 90, 12),
(4, 33, 1.40, '2024-04-25 15:00:00', 160, 25), (4, 34, 0.95, '2024-04-25 16:10:00', 140, 20),

-- Hospital 5 stocks
(5, 35, 1.60, '2024-02-05 08:30:00', 125, 18), (5, 1, 0.55, '2024-02-05 09:40:00', 180, 25),
(5, 2, 0.35, '2024-03-10 10:25:00', 220, 35), (5, 3, 1.30, '2024-03-10 11:35:00', 135, 20),
(5, 4, 0.85, '2024-04-15 12:20:00', 145, 22), (5, 5, 0.65, '2024-04-15 13:30:00', 195, 32),

-- Hospital 6 stocks (Oncology Center)
(6, 6, 2.20, '2024-02-10 14:15:00', 85, 12), (6, 7, 1.65, '2024-02-10 15:25:00', 115, 18),
(6, 8, 0.80, '2024-03-15 16:10:00', 175, 28), (6, 9, 16.00, '2024-03-15 17:20:00', 55, 6),
(6, 10, 0.45, '2024-04-20 08:45:00', 240, 45), (6, 11, 0.30, '2024-04-20 09:55:00', 160, 25),

-- Recent and future stock updates
(1, 12, 1.00, '2025-01-15 10:00:00', 120, 20), (1, 13, 1.90, '2025-01-15 11:00:00', 100, 15),
(3, 16, 3.20, '2025-03-10 14:00:00', 195, 40), (3, 17, 1.30, '2025-03-10 15:00:00', 165, 25),
(4, 18, 0.85, '2025-04-05 11:45:00', 155, 22), (4, 19, 2.10, '2025-04-05 12:45:00', 115, 18),
(5, 20, 1.55, '2025-05-20 16:30:00', 130, 20), (5, 21, 0.95, '2025-05-20 17:30:00', 185, 30),
(6, 1, 1.00, '2025-03-23 15:30:00', 50, 10), (2, 2, 0.50, '2025-03-23 16:30:00', 10, 20);



-- Include relationships (Prescription-Medication)
INSERT INTO include (PID, DrugID, dosage, duration)
VALUES
(1, 1, '500mg', 7), (1, 2, '200mg', 5), (2, 3, '50mg', 30), (3, 4, '10mg', 14), (2, 5, '500mg', 60),
(3, 6, '5%', 10), (4, 7, '150mg', 7), (5, 8, '5mg', 30), (6, 9, '0.5ml', 1), (7, 10, '1000 IU', 90),
(8, 11, '10mg', 30), (9, 12, '1 Billion CFU', 60), (10, 13, '2mg', 90), (11, 14, '40mg', 30), (12, 15, '5mg', 180),
(13, 16, '90mcg', 365), (14, 17, '250mg', 5), (15, 18, '500mg', 7), (16, 19, '10mg', 60), (17, 20, '5mg', 30),
(18, 21, '5mg', 90), (19, 22, '75mg', 5), (20, 23, '1%', 14), (21, 24, '0.25mg', 30), (22, 25, '0.3ml', 1),
(23, 26, '65mg', 60), (24, 27, '10mg', 30), (25, 28, '2 Billion CFU', 90), (26, 29, '25mg', 60), (27, 30, '25mg', 30),
(28, 31, '10mg', 90), (29, 32, '50mcg', 365), (30, 33, '500mg', 7), (31, 34, '50mg', 15), (32, 35, '75mg', 60),
(33, 1, '500mg', 10), (34, 2, '400mg', 7), (35, 3, '100mg', 30), (36, 4, '20mg', 14), (37, 5, '850mg', 90),
(38, 6, '5%', 14), (39, 7, '200mg', 1), (40, 8, '10mg', 15), (41, 9, '0.5ml', 1), (42, 10, '2000 IU', 60),
(43, 11, '10mg', 90), (44, 12, '2 Billion CFU', 30), (45, 13, '4mg', 60), (46, 14, '80mg', 7), (47, 15, '2.5mg', 180),
(48, 16, '180mcg', 365), (49, 17, '500mg', 3), (50, 18, '1000mg', 5);






-- Work_in relationships (Staff-Department)
INSERT INTO work_in (DEP_ID, STAFF_ID)
VALUES
-- Hospital 1 staff
(1, 1), (1, 2), (1, 3), (2, 4), (2, 5), (21, 6), (21, 7), (21, 8),
-- Hospital 2 staff
(3, 9), (3, 10), (3, 11), (9, 12), (9, 13), (22, 14), (22, 15), (22, 16),
-- Hospital 3 staff
(4, 17), (4, 18), (4, 19), (8, 20), (8, 21), (23, 22), (23, 23), (23, 24),
-- Hospital 4 staff
(5, 25), (5, 26), (5, 27), (7, 28), (7, 29), (24, 30), (24, 31), (24, 32),
-- Hospital 5 staff
(6, 33), (6, 34), (6, 35), (10, 36), (10, 37), (25, 38), (25, 39), (25, 40),
-- Hospital 6 staff
(11, 41), (11, 42), (19, 43), (19, 44),
-- Hospital 7 staff
(12, 45), (12, 46), (20, 47), (20, 48),
-- Hospital 8 staff
(13, 49), (13, 50),
-- Hospital 9 staff
(14, 51), (14, 52),
-- Hospital 10 staff
(15, 53), (15, 54),
-- Hospital 11 staff
(16, 55), (16, 56),
-- Hospital 12 staff
(17, 57), (17, 58),
-- Hospital 13 staff
(18, 59), (18, 60);


/* Update a patient’s phone number and a hospital’s regi */

UPDATE Patient
SET Phone = '+212-699-123456'
WHERE CIN = 'KA789012';

UPDATE Hospital
SET Region = 'Marrakech-Safi'
WHERE HID=1;

UPDATE Clinical_Activity
SET occurred_at =Now()- INTERVAL 3 DAY
WHERE CAID=4;


DELETE FROM Appointment
WHERE Status = 'Cancelled'
LIMIT 1;


